VariableCode,Item,Generation,ExtractSource,SurveySource,SurveyYear,LoopIndex,Translate,Active,Notes,Notes_2
R0000100,1,1,100,4,1997,1,1,TRUE,PUBID, YOUTH CASE IDENTIFICATION CODE
R0536300,10,1,100,4,1997,1,1,TRUE,KEY!SEX, RS GENDER (SYMBOL)
R0536401,11,1,100,4,1997,1,1,TRUE,KEY!BDATE, RS BIRTHDATE MONTH/YEAR (SYMBOL)
R0536402,12,1,100,4,1997,1,1,TRUE,KEY!BDATE, RS BIRTHDATE MONTH/YEAR (SYMBOL)
R1097800,101,1,100,4,1997,1,1,TRUE,HHI2_HHI1ID, ID OF HH MEMBER 01 FROM HHI1 ROSTER (SCR ROS ITEM)
R1097900,101,1,100,4,1997,2,1,TRUE,HHI2_HHI1ID, ID OF HH MEMBER 02 FROM HHI1 ROSTER (SCR ROS ITEM)
R1098000,101,1,100,4,1997,3,1,TRUE,HHI2_HHI1ID, ID OF HH MEMBER 03 FROM HHI1 ROSTER (SCR ROS ITEM)
R1098100,101,1,100,4,1997,4,1,TRUE,HHI2_HHI1ID, ID OF HH MEMBER 04 FROM HHI1 ROSTER (SCR ROS ITEM)
R1098200,101,1,100,4,1997,5,1,TRUE,HHI2_HHI1ID, ID OF HH MEMBER 05 FROM HHI1 ROSTER (SCR ROS ITEM)
R1098300,101,1,100,4,1997,6,1,TRUE,HHI2_HHI1ID, ID OF HH MEMBER 06 FROM HHI1 ROSTER (SCR ROS ITEM)
R1098400,101,1,100,4,1997,7,1,TRUE,HHI2_HHI1ID, ID OF HH MEMBER 07 FROM HHI1 ROSTER (SCR ROS ITEM)
R1098500,101,1,100,4,1997,8,1,TRUE,HHI2_HHI1ID, ID OF HH MEMBER 08 FROM HHI1 ROSTER (SCR ROS ITEM)
R1098600,101,1,100,4,1997,9,1,TRUE,HHI2_HHI1ID, ID OF HH MEMBER 09 FROM HHI1 ROSTER (SCR ROS ITEM)
R1098700,101,1,100,4,1997,10,1,TRUE,HHI2_HHI1ID, ID OF HH MEMBER 10 FROM HHI1 ROSTER (SCR ROS ITEM)
R1098800,101,1,100,4,1997,11,1,TRUE,HHI2_HHI1ID, ID OF HH MEMBER 11 FROM HHI1 ROSTER (SCR ROS ITEM)
R1098900,101,1,100,4,1997,12,1,TRUE,HHI2_HHI1ID, ID OF HH MEMBER 12 FROM HHI1 ROSTER (SCR ROS ITEM)
R1099000,101,1,100,4,1997,13,1,TRUE,HHI2_HHI1ID, ID OF HH MEMBER 13 FROM HHI1 ROSTER (SCR ROS ITEM)
R1099100,101,1,100,4,1997,14,1,TRUE,HHI2_HHI1ID, ID OF HH MEMBER 14 FROM HHI1 ROSTER (SCR ROS ITEM)
R1099200,101,1,100,4,1997,15,1,TRUE,HHI2_HHI1ID, ID OF HH MEMBER 15 FROM HHI1 ROSTER (SCR ROS ITEM)
R1099300,101,1,100,4,1997,16,1,TRUE,HHI2_HHI1ID, ID OF HH MEMBER 16 FROM HHI1 ROSTER (SCR ROS ITEM)
R1101000,102,1,100,4,1997,1,1,TRUE,HHI2_ID, HH MEMBER 01 ID (SCR ROS ITEM)
R1101100,102,1,100,4,1997,2,1,TRUE,HHI2_ID, HH MEMBER 02 ID (SCR ROS ITEM)
R1101200,102,1,100,4,1997,3,1,TRUE,HHI2_ID, HH MEMBER 03 ID (SCR ROS ITEM)
R1101300,102,1,100,4,1997,4,1,TRUE,HHI2_ID, HH MEMBER 04 ID (SCR ROS ITEM)
R1101400,102,1,100,4,1997,5,1,TRUE,HHI2_ID, HH MEMBER 05 ID (SCR ROS ITEM)
R1101500,102,1,100,4,1997,6,1,TRUE,HHI2_ID, HH MEMBER 06 ID (SCR ROS ITEM)
R1101600,102,1,100,4,1997,7,1,TRUE,HHI2_ID, HH MEMBER 07 ID (SCR ROS ITEM)
R1101700,102,1,100,4,1997,8,1,TRUE,HHI2_ID, HH MEMBER 08 ID (SCR ROS ITEM)
R1101800,102,1,100,4,1997,9,1,TRUE,HHI2_ID, HH MEMBER 09 ID (SCR ROS ITEM)
R1101900,102,1,100,4,1997,10,1,TRUE,HHI2_ID, HH MEMBER 10 ID (SCR ROS ITEM)
R1102000,102,1,100,4,1997,11,1,TRUE,HHI2_ID, HH MEMBER 11 ID (SCR ROS ITEM)
R1102100,102,1,100,4,1997,12,1,TRUE,HHI2_ID, HH MEMBER 12 ID (SCR ROS ITEM)
R1102200,102,1,100,4,1997,13,1,TRUE,HHI2_ID, HH MEMBER 13 ID (SCR ROS ITEM)
R1102300,102,1,100,4,1997,14,1,TRUE,HHI2_ID, HH MEMBER 14 ID (SCR ROS ITEM)
R1102400,102,1,100,4,1997,15,1,TRUE,HHI2_ID, HH MEMBER 15 ID (SCR ROS ITEM)
R1102500,102,1,100,4,1997,16,1,TRUE,HHI2_ID, HH MEMBER 16 ID (SCR ROS ITEM)
R1102501,102,1,100,4,1997,17,1,TRUE,HHI2_ID, HH MEMBER 17 ID (SCR ROS ITEM)
#R1102600,1997,,,,,,,,HHI2_INFORMANT, IS HH MEMBER 01 THE INFORMANT (SCR ROS ITEM)          HHI2_INFORMANT.01
#R1102700,1997,,,,,,,,HHI2_INFORMANT, IS HH MEMBER 02 THE INFORMANT (SCR ROS ITEM)          HHI2_INFORMANT.02
#R1102800,1997,,,,,,,,HHI2_INFORMANT, IS HH MEMBER 03 THE INFORMANT (SCR ROS ITEM)          HHI2_INFORMANT.03
#R1102900,1997,,,,,,,,HHI2_INFORMANT, IS HH MEMBER 04 THE INFORMANT (SCR ROS ITEM)          HHI2_INFORMANT.04
#R1103000,1997,,,,,,,,HHI2_INFORMANT, IS HH MEMBER 05 THE INFORMANT (SCR ROS ITEM)          HHI2_INFORMANT.05
#R1103100,1997,,,,,,,,HHI2_INFORMANT, IS HH MEMBER 06 THE INFORMANT (SCR ROS ITEM)          HHI2_INFORMANT.06
#R1103200,1997,,,,,,,,HHI2_INFORMANT, IS HH MEMBER 07 THE INFORMANT (SCR ROS ITEM)          HHI2_INFORMANT.07
#R1103300,1997,,,,,,,,HHI2_INFORMANT, IS HH MEMBER 08 THE INFORMANT (SCR ROS ITEM)          HHI2_INFORMANT.08
#R1103400,1997,,,,,,,,HHI2_INFORMANT, IS HH MEMBER 09 THE INFORMANT (SCR ROS ITEM)          HHI2_INFORMANT.09
#R1103500,1997,,,,,,,,HHI2_INFORMANT, IS HH MEMBER 10 THE INFORMANT (SCR ROS ITEM)          HHI2_INFORMANT.10
#R1103600,1997,,,,,,,,HHI2_INFORMANT, IS HH MEMBER 11 THE INFORMANT (SCR ROS ITEM)          HHI2_INFORMANT.11
#R1103700,1997,,,,,,,,HHI2_INFORMANT, IS HH MEMBER 12 THE INFORMANT (SCR ROS ITEM)          HHI2_INFORMANT.12
#R1103800,1997,,,,,,,,HHI2_INFORMANT, IS HH MEMBER 13 THE INFORMANT (SCR ROS ITEM)          HHI2_INFORMANT.13
#R1103900,1997,,,,,,,,HHI2_INFORMANT, IS HH MEMBER 14 THE INFORMANT (SCR ROS ITEM)          HHI2_INFORMANT.14
#R1104000,1997,,,,,,,,HHI2_INFORMANT, IS HH MEMBER 15 THE INFORMANT (SCR ROS ITEM)          HHI2_INFORMANT.15
#R1104100,1997,,,,,,,,HHI2_INFORMANT, IS HH MEMBER 16 THE INFORMANT (SCR ROS ITEM)          HHI2_INFORMANT.16
#R1117000,1997,,,,,,,,HHI2_REL1, RELATIONSHIP OF PERSON 1 TO HH MEMBER 01 (SCR ROS ITEM)    HHI2_REL1.01
#R1117100,1997,,,,,,,,HHI2_REL1, RELATIONSHIP OF PERSON 1 TO HH MEMBER 02 (SCR ROS ITEM)    HHI2_REL1.02
#R1117200,1997,,,,,,,,HHI2_REL1, RELATIONSHIP OF PERSON 1 TO HH MEMBER 03 (SCR ROS ITEM)    HHI2_REL1.03
#R1117300,1997,,,,,,,,HHI2_REL1, RELATIONSHIP OF PERSON 1 TO HH MEMBER 04 (SCR ROS ITEM)    HHI2_REL1.04
#R1117400,1997,,,,,,,,HHI2_REL1, RELATIONSHIP OF PERSON 1 TO HH MEMBER 05 (SCR ROS ITEM)    HHI2_REL1.05
#R1117500,1997,,,,,,,,HHI2_REL1, RELATIONSHIP OF PERSON 1 TO HH MEMBER 06 (SCR ROS ITEM)    HHI2_REL1.06
#R1117600,1997,,,,,,,,HHI2_REL1, RELATIONSHIP OF PERSON 1 TO HH MEMBER 07 (SCR ROS ITEM)    HHI2_REL1.07
#R1117700,1997,,,,,,,,HHI2_REL1, RELATIONSHIP OF PERSON 1 TO HH MEMBER 08 (SCR ROS ITEM)    HHI2_REL1.08
#R1117800,1997,,,,,,,,HHI2_REL1, RELATIONSHIP OF PERSON 1 TO HH MEMBER 09 (SCR ROS ITEM)    HHI2_REL1.09
#R1117900,1997,,,,,,,,HHI2_REL1, RELATIONSHIP OF PERSON 1 TO HH MEMBER 10 (SCR ROS ITEM)    HHI2_REL1.10
#R1118000,1997,,,,,,,,HHI2_REL1, RELATIONSHIP OF PERSON 1 TO HH MEMBER 11 (SCR ROS ITEM)    HHI2_REL1.11
#R1118100,1997,,,,,,,,HHI2_REL1, RELATIONSHIP OF PERSON 1 TO HH MEMBER 12 (SCR ROS ITEM)    HHI2_REL1.12
#R1118200,1997,,,,,,,,HHI2_REL1, RELATIONSHIP OF PERSON 1 TO HH MEMBER 13 (SCR ROS ITEM)    HHI2_REL1.13
#R1118300,1997,,,,,,,,HHI2_REL1, RELATIONSHIP OF PERSON 1 TO HH MEMBER 14 (SCR ROS ITEM)    HHI2_REL1.14
#R1118400,1997,,,,,,,,HHI2_REL1, RELATIONSHIP OF PERSON 1 TO HH MEMBER 15 (SCR ROS ITEM)    HHI2_REL1.15
#R1118500,1997,,,,,,,,HHI2_REL1, RELATIONSHIP OF PERSON 1 TO HH MEMBER 16 (SCR ROS ITEM)    HHI2_REL1.16
#R1118600,1997,,,,,,,,HHI2_REL10, RELATIONSHIP OF PERSON 10 TO HH MEMBER 01 (SCR ROS ITEM)  HHI2_REL10.01
#R1118700,1997,,,,,,,,HHI2_REL10, RELATIONSHIP OF PERSON 10 TO HH MEMBER 02 (SCR ROS ITEM)  HHI2_REL10.02
#R1118800,1997,,,,,,,,HHI2_REL10, RELATIONSHIP OF PERSON 10 TO HH MEMBER 03 (SCR ROS ITEM)  HHI2_REL10.03
#R1118900,1997,,,,,,,,HHI2_REL10, RELATIONSHIP OF PERSON 10 TO HH MEMBER 04 (SCR ROS ITEM)  HHI2_REL10.04
#R1119000,1997,,,,,,,,HHI2_REL10, RELATIONSHIP OF PERSON 10 TO HH MEMBER 05 (SCR ROS ITEM)  HHI2_REL10.05
#R1119100,1997,,,,,,,,HHI2_REL10, RELATIONSHIP OF PERSON 10 TO HH MEMBER 06 (SCR ROS ITEM)  HHI2_REL10.06
#R1119200,1997,,,,,,,,HHI2_REL10, RELATIONSHIP OF PERSON 10 TO HH MEMBER 07 (SCR ROS ITEM)  HHI2_REL10.07
#R1119300,1997,,,,,,,,HHI2_REL10, RELATIONSHIP OF PERSON 10 TO HH MEMBER 08 (SCR ROS ITEM)  HHI2_REL10.08
#R1119400,1997,,,,,,,,HHI2_REL10, RELATIONSHIP OF PERSON 10 TO HH MEMBER 09 (SCR ROS ITEM)  HHI2_REL10.09
#R1119500,1997,,,,,,,,HHI2_REL10, RELATIONSHIP OF PERSON 10 TO HH MEMBER 10 (SCR ROS ITEM)  HHI2_REL10.10
#R1119600,1997,,,,,,,,HHI2_REL10, RELATIONSHIP OF PERSON 10 TO HH MEMBER 11 (SCR ROS ITEM)  HHI2_REL10.11
#R1119700,1997,,,,,,,,HHI2_REL10, RELATIONSHIP OF PERSON 10 TO HH MEMBER 12 (SCR ROS ITEM)  HHI2_REL10.12
#R1119800,1997,,,,,,,,HHI2_REL10, RELATIONSHIP OF PERSON 10 TO HH MEMBER 13 (SCR ROS ITEM)  HHI2_REL10.13
#R1119900,1997,,,,,,,,HHI2_REL10, RELATIONSHIP OF PERSON 10 TO HH MEMBER 14 (SCR ROS ITEM)  HHI2_REL10.14
#R1120000,1997,,,,,,,,HHI2_REL10, RELATIONSHIP OF PERSON 10 TO HH MEMBER 15 (SCR ROS ITEM)  HHI2_REL10.15
#R1120100,1997,,,,,,,,HHI2_REL10, RELATIONSHIP OF PERSON 10 TO HH MEMBER 16 (SCR ROS ITEM)  HHI2_REL10.16
#R1120200,1997,,,,,,,,HHI2_REL11, RELATIONSHIP OF PERSON 11 TO HH MEMBER 01 (SCR ROS ITEM)  HHI2_REL11.01
#R1120300,1997,,,,,,,,HHI2_REL11, RELATIONSHIP OF PERSON 11 TO HH MEMBER 02 (SCR ROS ITEM)  HHI2_REL11.02
#R1120400,1997,,,,,,,,HHI2_REL11, RELATIONSHIP OF PERSON 11 TO HH MEMBER 03 (SCR ROS ITEM)  HHI2_REL11.03
#R1120500,1997,,,,,,,,HHI2_REL11, RELATIONSHIP OF PERSON 11 TO HH MEMBER 04 (SCR ROS ITEM)  HHI2_REL11.04
#R1120600,1997,,,,,,,,HHI2_REL11, RELATIONSHIP OF PERSON 11 TO HH MEMBER 05 (SCR ROS ITEM)  HHI2_REL11.05
#R1120700,1997,,,,,,,,HHI2_REL11, RELATIONSHIP OF PERSON 11 TO HH MEMBER 06 (SCR ROS ITEM)  HHI2_REL11.06
#R1120800,1997,,,,,,,,HHI2_REL11, RELATIONSHIP OF PERSON 11 TO HH MEMBER 07 (SCR ROS ITEM)  HHI2_REL11.07
#R1120900,1997,,,,,,,,HHI2_REL11, RELATIONSHIP OF PERSON 11 TO HH MEMBER 08 (SCR ROS ITEM)  HHI2_REL11.08
#R1121000,1997,,,,,,,,HHI2_REL11, RELATIONSHIP OF PERSON 11 TO HH MEMBER 09 (SCR ROS ITEM)  HHI2_REL11.09
#R1121100,1997,,,,,,,,HHI2_REL11, RELATIONSHIP OF PERSON 11 TO HH MEMBER 10 (SCR ROS ITEM)  HHI2_REL11.10
#R1121200,1997,,,,,,,,HHI2_REL11, RELATIONSHIP OF PERSON 11 TO HH MEMBER 11 (SCR ROS ITEM)  HHI2_REL11.11
#R1121300,1997,,,,,,,,HHI2_REL11, RELATIONSHIP OF PERSON 11 TO HH MEMBER 12 (SCR ROS ITEM)  HHI2_REL11.12
#R1121400,1997,,,,,,,,HHI2_REL11, RELATIONSHIP OF PERSON 11 TO HH MEMBER 13 (SCR ROS ITEM)  HHI2_REL11.13
#R1121500,1997,,,,,,,,HHI2_REL11, RELATIONSHIP OF PERSON 11 TO HH MEMBER 14 (SCR ROS ITEM)  HHI2_REL11.14
#R1121600,1997,,,,,,,,HHI2_REL11, RELATIONSHIP OF PERSON 11 TO HH MEMBER 15 (SCR ROS ITEM)  HHI2_REL11.15
#R1121700,1997,,,,,,,,HHI2_REL11, RELATIONSHIP OF PERSON 11 TO HH MEMBER 16 (SCR ROS ITEM)  HHI2_REL11.16
#R1121800,1997,,,,,,,,HHI2_REL12, RELATIONSHIP OF PERSON 12 TO HH MEMBER 01 (SCR ROS ITEM)  HHI2_REL12.01
#R1121900,1997,,,,,,,,HHI2_REL12, RELATIONSHIP OF PERSON 12 TO HH MEMBER 02 (SCR ROS ITEM)  HHI2_REL12.02
#R1122000,1997,,,,,,,,HHI2_REL12, RELATIONSHIP OF PERSON 12 TO HH MEMBER 03 (SCR ROS ITEM)  HHI2_REL12.03
#R1122100,1997,,,,,,,,HHI2_REL12, RELATIONSHIP OF PERSON 12 TO HH MEMBER 04 (SCR ROS ITEM)  HHI2_REL12.04
#R1122200,1997,,,,,,,,HHI2_REL12, RELATIONSHIP OF PERSON 12 TO HH MEMBER 05 (SCR ROS ITEM)  HHI2_REL12.05
#R1122300,1997,,,,,,,,HHI2_REL12, RELATIONSHIP OF PERSON 12 TO HH MEMBER 06 (SCR ROS ITEM)  HHI2_REL12.06
#R1122400,1997,,,,,,,,HHI2_REL12, RELATIONSHIP OF PERSON 12 TO HH MEMBER 07 (SCR ROS ITEM)  HHI2_REL12.07
#R1122500,1997,,,,,,,,HHI2_REL12, RELATIONSHIP OF PERSON 12 TO HH MEMBER 08 (SCR ROS ITEM)  HHI2_REL12.08
#R1122600,1997,,,,,,,,HHI2_REL12, RELATIONSHIP OF PERSON 12 TO HH MEMBER 09 (SCR ROS ITEM)  HHI2_REL12.09
#R1122700,1997,,,,,,,,HHI2_REL12, RELATIONSHIP OF PERSON 12 TO HH MEMBER 10 (SCR ROS ITEM)  HHI2_REL12.10
#R1122800,1997,,,,,,,,HHI2_REL12, RELATIONSHIP OF PERSON 12 TO HH MEMBER 11 (SCR ROS ITEM)  HHI2_REL12.11
#R1122900,1997,,,,,,,,HHI2_REL12, RELATIONSHIP OF PERSON 12 TO HH MEMBER 12 (SCR ROS ITEM)  HHI2_REL12.12
#R1123000,1997,,,,,,,,HHI2_REL12, RELATIONSHIP OF PERSON 12 TO HH MEMBER 13 (SCR ROS ITEM)  HHI2_REL12.13
#R1123100,1997,,,,,,,,HHI2_REL12, RELATIONSHIP OF PERSON 12 TO HH MEMBER 14 (SCR ROS ITEM)  HHI2_REL12.14
#R1123200,1997,,,,,,,,HHI2_REL12, RELATIONSHIP OF PERSON 12 TO HH MEMBER 15 (SCR ROS ITEM)  HHI2_REL12.15
#R1123300,1997,,,,,,,,HHI2_REL12, RELATIONSHIP OF PERSON 12 TO HH MEMBER 16 (SCR ROS ITEM)  HHI2_REL12.16
#R1123400,1997,,,,,,,,HHI2_REL13, RELATIONSHIP OF PERSON 13 TO HH MEMBER 01 (SCR ROS ITEM)  HHI2_REL13.01
#R1123500,1997,,,,,,,,HHI2_REL13, RELATIONSHIP OF PERSON 13 TO HH MEMBER 02 (SCR ROS ITEM)  HHI2_REL13.02
#R1123600,1997,,,,,,,,HHI2_REL13, RELATIONSHIP OF PERSON 13 TO HH MEMBER 03 (SCR ROS ITEM)  HHI2_REL13.03
#R1123700,1997,,,,,,,,HHI2_REL13, RELATIONSHIP OF PERSON 13 TO HH MEMBER 04 (SCR ROS ITEM)  HHI2_REL13.04
#R1123800,1997,,,,,,,,HHI2_REL13, RELATIONSHIP OF PERSON 13 TO HH MEMBER 05 (SCR ROS ITEM)  HHI2_REL13.05
#R1123900,1997,,,,,,,,HHI2_REL13, RELATIONSHIP OF PERSON 13 TO HH MEMBER 06 (SCR ROS ITEM)  HHI2_REL13.06
#R1124000,1997,,,,,,,,HHI2_REL13, RELATIONSHIP OF PERSON 13 TO HH MEMBER 07 (SCR ROS ITEM)  HHI2_REL13.07
#R1124100,1997,,,,,,,,HHI2_REL13, RELATIONSHIP OF PERSON 13 TO HH MEMBER 08 (SCR ROS ITEM)  HHI2_REL13.08
#R1124200,1997,,,,,,,,HHI2_REL13, RELATIONSHIP OF PERSON 13 TO HH MEMBER 09 (SCR ROS ITEM)  HHI2_REL13.09
#R1124300,1997,,,,,,,,HHI2_REL13, RELATIONSHIP OF PERSON 13 TO HH MEMBER 10 (SCR ROS ITEM)  HHI2_REL13.10
#R1124400,1997,,,,,,,,HHI2_REL13, RELATIONSHIP OF PERSON 13 TO HH MEMBER 11 (SCR ROS ITEM)  HHI2_REL13.11
#R1124500,1997,,,,,,,,HHI2_REL13, RELATIONSHIP OF PERSON 13 TO HH MEMBER 12 (SCR ROS ITEM)  HHI2_REL13.12
#R1124600,1997,,,,,,,,HHI2_REL13, RELATIONSHIP OF PERSON 13 TO HH MEMBER 13 (SCR ROS ITEM)  HHI2_REL13.13
#R1124700,1997,,,,,,,,HHI2_REL13, RELATIONSHIP OF PERSON 13 TO HH MEMBER 14 (SCR ROS ITEM)  HHI2_REL13.14
#R1124800,1997,,,,,,,,HHI2_REL13, RELATIONSHIP OF PERSON 13 TO HH MEMBER 15 (SCR ROS ITEM)  HHI2_REL13.15
#R1124900,1997,,,,,,,,HHI2_REL13, RELATIONSHIP OF PERSON 13 TO HH MEMBER 16 (SCR ROS ITEM)  HHI2_REL13.16
#R1125000,1997,,,,,,,,HHI2_REL14, RELATIONSHIP OF PERSON 14 TO HH MEMBER 01 (SCR ROS ITEM)  HHI2_REL14.01
#R1125100,1997,,,,,,,,HHI2_REL14, RELATIONSHIP OF PERSON 14 TO HH MEMBER 02 (SCR ROS ITEM)  HHI2_REL14.02
#R1125200,1997,,,,,,,,HHI2_REL14, RELATIONSHIP OF PERSON 14 TO HH MEMBER 03 (SCR ROS ITEM)  HHI2_REL14.03
#R1125300,1997,,,,,,,,HHI2_REL14, RELATIONSHIP OF PERSON 14 TO HH MEMBER 04 (SCR ROS ITEM)  HHI2_REL14.04
#R1125400,1997,,,,,,,,HHI2_REL14, RELATIONSHIP OF PERSON 14 TO HH MEMBER 05 (SCR ROS ITEM)  HHI2_REL14.05
#R1125500,1997,,,,,,,,HHI2_REL14, RELATIONSHIP OF PERSON 14 TO HH MEMBER 06 (SCR ROS ITEM)  HHI2_REL14.06
#R1125600,1997,,,,,,,,HHI2_REL14, RELATIONSHIP OF PERSON 14 TO HH MEMBER 07 (SCR ROS ITEM)  HHI2_REL14.07
#R1125700,1997,,,,,,,,HHI2_REL14, RELATIONSHIP OF PERSON 14 TO HH MEMBER 08 (SCR ROS ITEM)  HHI2_REL14.08
#R1125800,1997,,,,,,,,HHI2_REL14, RELATIONSHIP OF PERSON 14 TO HH MEMBER 09 (SCR ROS ITEM)  HHI2_REL14.09
#R1125900,1997,,,,,,,,HHI2_REL14, RELATIONSHIP OF PERSON 14 TO HH MEMBER 10 (SCR ROS ITEM)  HHI2_REL14.10
#R1126000,1997,,,,,,,,HHI2_REL14, RELATIONSHIP OF PERSON 14 TO HH MEMBER 11 (SCR ROS ITEM)  HHI2_REL14.11
#R1126100,1997,,,,,,,,HHI2_REL14, RELATIONSHIP OF PERSON 14 TO HH MEMBER 12 (SCR ROS ITEM)  HHI2_REL14.12
#R1126200,1997,,,,,,,,HHI2_REL14, RELATIONSHIP OF PERSON 14 TO HH MEMBER 13 (SCR ROS ITEM)  HHI2_REL14.13
#R1126300,1997,,,,,,,,HHI2_REL14, RELATIONSHIP OF PERSON 14 TO HH MEMBER 14 (SCR ROS ITEM)  HHI2_REL14.14
#R1126400,1997,,,,,,,,HHI2_REL14, RELATIONSHIP OF PERSON 14 TO HH MEMBER 15 (SCR ROS ITEM)  HHI2_REL14.15
#R1126500,1997,,,,,,,,HHI2_REL14, RELATIONSHIP OF PERSON 14 TO HH MEMBER 16 (SCR ROS ITEM)  HHI2_REL14.16
#R1126600,1997,,,,,,,,HHI2_REL15, RELATIONSHIP OF PERSON 15 TO HH MEMBER 01 (SCR ROS ITEM)  HHI2_REL15.01
#R1126700,1997,,,,,,,,HHI2_REL15, RELATIONSHIP OF PERSON 15 TO HH MEMBER 02 (SCR ROS ITEM)  HHI2_REL15.02
#R1126800,1997,,,,,,,,HHI2_REL15, RELATIONSHIP OF PERSON 15 TO HH MEMBER 03 (SCR ROS ITEM)  HHI2_REL15.03
#R1126900,1997,,,,,,,,HHI2_REL15, RELATIONSHIP OF PERSON 15 TO HH MEMBER 04 (SCR ROS ITEM)  HHI2_REL15.04
#R1127000,1997,,,,,,,,HHI2_REL15, RELATIONSHIP OF PERSON 15 TO HH MEMBER 05 (SCR ROS ITEM)  HHI2_REL15.05
#R1127100,1997,,,,,,,,HHI2_REL15, RELATIONSHIP OF PERSON 15 TO HH MEMBER 06 (SCR ROS ITEM)  HHI2_REL15.06
#R1127200,1997,,,,,,,,HHI2_REL15, RELATIONSHIP OF PERSON 15 TO HH MEMBER 07 (SCR ROS ITEM)  HHI2_REL15.07
#R1127300,1997,,,,,,,,HHI2_REL15, RELATIONSHIP OF PERSON 15 TO HH MEMBER 08 (SCR ROS ITEM)  HHI2_REL15.08
#R1127400,1997,,,,,,,,HHI2_REL15, RELATIONSHIP OF PERSON 15 TO HH MEMBER 09 (SCR ROS ITEM)  HHI2_REL15.09
#R1127500,1997,,,,,,,,HHI2_REL15, RELATIONSHIP OF PERSON 15 TO HH MEMBER 10 (SCR ROS ITEM)  HHI2_REL15.10
#R1127600,1997,,,,,,,,HHI2_REL15, RELATIONSHIP OF PERSON 15 TO HH MEMBER 11 (SCR ROS ITEM)  HHI2_REL15.11
#R1127700,1997,,,,,,,,HHI2_REL15, RELATIONSHIP OF PERSON 15 TO HH MEMBER 12 (SCR ROS ITEM)  HHI2_REL15.12
#R1127800,1997,,,,,,,,HHI2_REL15, RELATIONSHIP OF PERSON 15 TO HH MEMBER 13 (SCR ROS ITEM)  HHI2_REL15.13
#R1127900,1997,,,,,,,,HHI2_REL15, RELATIONSHIP OF PERSON 15 TO HH MEMBER 14 (SCR ROS ITEM)  HHI2_REL15.14
#R1128000,1997,,,,,,,,HHI2_REL15, RELATIONSHIP OF PERSON 15 TO HH MEMBER 15 (SCR ROS ITEM)  HHI2_REL15.15
#R1128100,1997,,,,,,,,HHI2_REL15, RELATIONSHIP OF PERSON 15 TO HH MEMBER 16 (SCR ROS ITEM)  HHI2_REL15.16
#R1128200,1997,,,,,,,,HHI2_REL16, RELATIONSHIP OF PERSON 16 TO HH MEMBER 01 (SCR ROS ITEM)  HHI2_REL16.01
#R1128300,1997,,,,,,,,HHI2_REL16, RELATIONSHIP OF PERSON 16 TO HH MEMBER 02 (SCR ROS ITEM)  HHI2_REL16.02
#R1128400,1997,,,,,,,,HHI2_REL16, RELATIONSHIP OF PERSON 16 TO HH MEMBER 03 (SCR ROS ITEM)  HHI2_REL16.03
#R1128500,1997,,,,,,,,HHI2_REL16, RELATIONSHIP OF PERSON 16 TO HH MEMBER 04 (SCR ROS ITEM)  HHI2_REL16.04
#R1128600,1997,,,,,,,,HHI2_REL16, RELATIONSHIP OF PERSON 16 TO HH MEMBER 05 (SCR ROS ITEM)  HHI2_REL16.05
#R1128700,1997,,,,,,,,HHI2_REL16, RELATIONSHIP OF PERSON 16 TO HH MEMBER 06 (SCR ROS ITEM)  HHI2_REL16.06
#R1128800,1997,,,,,,,,HHI2_REL16, RELATIONSHIP OF PERSON 16 TO HH MEMBER 07 (SCR ROS ITEM)  HHI2_REL16.07
#R1128900,1997,,,,,,,,HHI2_REL16, RELATIONSHIP OF PERSON 16 TO HH MEMBER 08 (SCR ROS ITEM)  HHI2_REL16.08
#R1129000,1997,,,,,,,,HHI2_REL16, RELATIONSHIP OF PERSON 16 TO HH MEMBER 09 (SCR ROS ITEM)  HHI2_REL16.09
#R1129100,1997,,,,,,,,HHI2_REL16, RELATIONSHIP OF PERSON 16 TO HH MEMBER 10 (SCR ROS ITEM)  HHI2_REL16.10
#R1129200,1997,,,,,,,,HHI2_REL16, RELATIONSHIP OF PERSON 16 TO HH MEMBER 11 (SCR ROS ITEM)  HHI2_REL16.11
#R1129300,1997,,,,,,,,HHI2_REL16, RELATIONSHIP OF PERSON 16 TO HH MEMBER 12 (SCR ROS ITEM)  HHI2_REL16.12
#R1129400,1997,,,,,,,,HHI2_REL16, RELATIONSHIP OF PERSON 16 TO HH MEMBER 13 (SCR ROS ITEM)  HHI2_REL16.13
#R1129500,1997,,,,,,,,HHI2_REL16, RELATIONSHIP OF PERSON 16 TO HH MEMBER 14 (SCR ROS ITEM)  HHI2_REL16.14
#R1129600,1997,,,,,,,,HHI2_REL16, RELATIONSHIP OF PERSON 16 TO HH MEMBER 15 (SCR ROS ITEM)  HHI2_REL16.15
#R1129700,1997,,,,,,,,HHI2_REL16, RELATIONSHIP OF PERSON 16 TO HH MEMBER 16 (SCR ROS ITEM)  HHI2_REL16.16
#R1131900,1997,,,,,,,,HHI2_REL2, RELATIONSHIP OF PERSON 2 TO HH MEMBER 01 (SCR ROS ITEM)    HHI2_REL2.01
#R1132000,1997,,,,,,,,HHI2_REL2, RELATIONSHIP OF PERSON 2 TO HH MEMBER 02 (SCR ROS ITEM)    HHI2_REL2.02
#R1132100,1997,,,,,,,,HHI2_REL2, RELATIONSHIP OF PERSON 2 TO HH MEMBER 03 (SCR ROS ITEM)    HHI2_REL2.03
#R1132200,1997,,,,,,,,HHI2_REL2, RELATIONSHIP OF PERSON 2 TO HH MEMBER 04 (SCR ROS ITEM)    HHI2_REL2.04
#R1132300,1997,,,,,,,,HHI2_REL2, RELATIONSHIP OF PERSON 2 TO HH MEMBER 05 (SCR ROS ITEM)    HHI2_REL2.05
#R1132400,1997,,,,,,,,HHI2_REL2, RELATIONSHIP OF PERSON 2 TO HH MEMBER 06 (SCR ROS ITEM)    HHI2_REL2.06
#R1132500,1997,,,,,,,,HHI2_REL2, RELATIONSHIP OF PERSON 2 TO HH MEMBER 07 (SCR ROS ITEM)    HHI2_REL2.07
#R1132600,1997,,,,,,,,HHI2_REL2, RELATIONSHIP OF PERSON 2 TO HH MEMBER 08 (SCR ROS ITEM)    HHI2_REL2.08
#R1132700,1997,,,,,,,,HHI2_REL2, RELATIONSHIP OF PERSON 2 TO HH MEMBER 09 (SCR ROS ITEM)    HHI2_REL2.09
#R1132800,1997,,,,,,,,HHI2_REL2, RELATIONSHIP OF PERSON 2 TO HH MEMBER 10 (SCR ROS ITEM)    HHI2_REL2.10
#R1132900,1997,,,,,,,,HHI2_REL2, RELATIONSHIP OF PERSON 2 TO HH MEMBER 11 (SCR ROS ITEM)    HHI2_REL2.11
#R1133000,1997,,,,,,,,HHI2_REL2, RELATIONSHIP OF PERSON 2 TO HH MEMBER 12 (SCR ROS ITEM)    HHI2_REL2.12
#R1133100,1997,,,,,,,,HHI2_REL2, RELATIONSHIP OF PERSON 2 TO HH MEMBER 13 (SCR ROS ITEM)    HHI2_REL2.13
#R1133200,1997,,,,,,,,HHI2_REL2, RELATIONSHIP OF PERSON 2 TO HH MEMBER 14 (SCR ROS ITEM)    HHI2_REL2.14
#R1133300,1997,,,,,,,,HHI2_REL2, RELATIONSHIP OF PERSON 2 TO HH MEMBER 15 (SCR ROS ITEM)    HHI2_REL2.15
#R1133400,1997,,,,,,,,HHI2_REL2, RELATIONSHIP OF PERSON 2 TO HH MEMBER 16 (SCR ROS ITEM)    HHI2_REL2.16
#R1134200,1997,,,,,,,,HHI2_REL3, RELATIONSHIP OF PERSON 3 TO HH MEMBER 01 (SCR ROS ITEM)    HHI2_REL3.01
#R1134300,1997,,,,,,,,HHI2_REL3, RELATIONSHIP OF PERSON 3 TO HH MEMBER 02 (SCR ROS ITEM)    HHI2_REL3.02
#R1134400,1997,,,,,,,,HHI2_REL3, RELATIONSHIP OF PERSON 3 TO HH MEMBER 03 (SCR ROS ITEM)    HHI2_REL3.03
#R1134500,1997,,,,,,,,HHI2_REL3, RELATIONSHIP OF PERSON 3 TO HH MEMBER 04 (SCR ROS ITEM)    HHI2_REL3.04
#R1134600,1997,,,,,,,,HHI2_REL3, RELATIONSHIP OF PERSON 3 TO HH MEMBER 05 (SCR ROS ITEM)    HHI2_REL3.05
#R1134700,1997,,,,,,,,HHI2_REL3, RELATIONSHIP OF PERSON 3 TO HH MEMBER 06 (SCR ROS ITEM)    HHI2_REL3.06
#R1134800,1997,,,,,,,,HHI2_REL3, RELATIONSHIP OF PERSON 3 TO HH MEMBER 07 (SCR ROS ITEM)    HHI2_REL3.07
#R1134900,1997,,,,,,,,HHI2_REL3, RELATIONSHIP OF PERSON 3 TO HH MEMBER 08 (SCR ROS ITEM)    HHI2_REL3.08
#R1135000,1997,,,,,,,,HHI2_REL3, RELATIONSHIP OF PERSON 3 TO HH MEMBER 09 (SCR ROS ITEM)    HHI2_REL3.09
#R1135100,1997,,,,,,,,HHI2_REL3, RELATIONSHIP OF PERSON 3 TO HH MEMBER 10 (SCR ROS ITEM)    HHI2_REL3.10
#R1135200,1997,,,,,,,,HHI2_REL3, RELATIONSHIP OF PERSON 3 TO HH MEMBER 11 (SCR ROS ITEM)    HHI2_REL3.11
#R1135300,1997,,,,,,,,HHI2_REL3, RELATIONSHIP OF PERSON 3 TO HH MEMBER 12 (SCR ROS ITEM)    HHI2_REL3.12
#R1135400,1997,,,,,,,,HHI2_REL3, RELATIONSHIP OF PERSON 3 TO HH MEMBER 13 (SCR ROS ITEM)    HHI2_REL3.13
#R1135500,1997,,,,,,,,HHI2_REL3, RELATIONSHIP OF PERSON 3 TO HH MEMBER 14 (SCR ROS ITEM)    HHI2_REL3.14
#R1135600,1997,,,,,,,,HHI2_REL3, RELATIONSHIP OF PERSON 3 TO HH MEMBER 15 (SCR ROS ITEM)    HHI2_REL3.15
#R1135700,1997,,,,,,,,HHI2_REL3, RELATIONSHIP OF PERSON 3 TO HH MEMBER 16 (SCR ROS ITEM)    HHI2_REL3.16
#R1135800,1997,,,,,,,,HHI2_REL4, RELATIONSHIP OF PERSON 4 TO HH MEMBER 01 (SCR ROS ITEM)    HHI2_REL4.01
#R1135900,1997,,,,,,,,HHI2_REL4, RELATIONSHIP OF PERSON 4 TO HH MEMBER 02 (SCR ROS ITEM)    HHI2_REL4.02
#R1136000,1997,,,,,,,,HHI2_REL4, RELATIONSHIP OF PERSON 4 TO HH MEMBER 03 (SCR ROS ITEM)    HHI2_REL4.03
#R1136100,1997,,,,,,,,HHI2_REL4, RELATIONSHIP OF PERSON 4 TO HH MEMBER 04 (SCR ROS ITEM)    HHI2_REL4.04
#R1136200,1997,,,,,,,,HHI2_REL4, RELATIONSHIP OF PERSON 4 TO HH MEMBER 05 (SCR ROS ITEM)    HHI2_REL4.05
#R1136300,1997,,,,,,,,HHI2_REL4, RELATIONSHIP OF PERSON 4 TO HH MEMBER 06 (SCR ROS ITEM)    HHI2_REL4.06
#R1136400,1997,,,,,,,,HHI2_REL4, RELATIONSHIP OF PERSON 4 TO HH MEMBER 07 (SCR ROS ITEM)    HHI2_REL4.07
#R1136500,1997,,,,,,,,HHI2_REL4, RELATIONSHIP OF PERSON 4 TO HH MEMBER 08 (SCR ROS ITEM)    HHI2_REL4.08
#R1136600,1997,,,,,,,,HHI2_REL4, RELATIONSHIP OF PERSON 4 TO HH MEMBER 09 (SCR ROS ITEM)    HHI2_REL4.09
#R1136700,1997,,,,,,,,HHI2_REL4, RELATIONSHIP OF PERSON 4 TO HH MEMBER 10 (SCR ROS ITEM)    HHI2_REL4.10
#R1136800,1997,,,,,,,,HHI2_REL4, RELATIONSHIP OF PERSON 4 TO HH MEMBER 11 (SCR ROS ITEM)    HHI2_REL4.11
#R1136900,1997,,,,,,,,HHI2_REL4, RELATIONSHIP OF PERSON 4 TO HH MEMBER 12 (SCR ROS ITEM)    HHI2_REL4.12
#R1137000,1997,,,,,,,,HHI2_REL4, RELATIONSHIP OF PERSON 4 TO HH MEMBER 13 (SCR ROS ITEM)    HHI2_REL4.13
#R1137100,1997,,,,,,,,HHI2_REL4, RELATIONSHIP OF PERSON 4 TO HH MEMBER 14 (SCR ROS ITEM)    HHI2_REL4.14
#R1137200,1997,,,,,,,,HHI2_REL4, RELATIONSHIP OF PERSON 4 TO HH MEMBER 15 (SCR ROS ITEM)    HHI2_REL4.15
#R1137300,1997,,,,,,,,HHI2_REL4, RELATIONSHIP OF PERSON 4 TO HH MEMBER 16 (SCR ROS ITEM)    HHI2_REL4.16
#R1137400,1997,,,,,,,,HHI2_REL5, RELATIONSHIP OF PERSON 5 TO HH MEMBER 01 (SCR ROS ITEM)    HHI2_REL5.01
#R1137500,1997,,,,,,,,HHI2_REL5, RELATIONSHIP OF PERSON 5 TO HH MEMBER 02 (SCR ROS ITEM)    HHI2_REL5.02
#R1137600,1997,,,,,,,,HHI2_REL5, RELATIONSHIP OF PERSON 5 TO HH MEMBER 03 (SCR ROS ITEM)    HHI2_REL5.03
#R1137700,1997,,,,,,,,HHI2_REL5, RELATIONSHIP OF PERSON 5 TO HH MEMBER 04 (SCR ROS ITEM)    HHI2_REL5.04
#R1137800,1997,,,,,,,,HHI2_REL5, RELATIONSHIP OF PERSON 5 TO HH MEMBER 05 (SCR ROS ITEM)    HHI2_REL5.05
#R1137900,1997,,,,,,,,HHI2_REL5, RELATIONSHIP OF PERSON 5 TO HH MEMBER 06 (SCR ROS ITEM)    HHI2_REL5.06
#R1138000,1997,,,,,,,,HHI2_REL5, RELATIONSHIP OF PERSON 5 TO HH MEMBER 07 (SCR ROS ITEM)    HHI2_REL5.07
#R1138100,1997,,,,,,,,HHI2_REL5, RELATIONSHIP OF PERSON 5 TO HH MEMBER 08 (SCR ROS ITEM)    HHI2_REL5.08
#R1138200,1997,,,,,,,,HHI2_REL5, RELATIONSHIP OF PERSON 5 TO HH MEMBER 09 (SCR ROS ITEM)    HHI2_REL5.09
#R1138300,1997,,,,,,,,HHI2_REL5, RELATIONSHIP OF PERSON 5 TO HH MEMBER 10 (SCR ROS ITEM)    HHI2_REL5.10
#R1138400,1997,,,,,,,,HHI2_REL5, RELATIONSHIP OF PERSON 5 TO HH MEMBER 11 (SCR ROS ITEM)    HHI2_REL5.11
#R1138500,1997,,,,,,,,HHI2_REL5, RELATIONSHIP OF PERSON 5 TO HH MEMBER 12 (SCR ROS ITEM)    HHI2_REL5.12
#R1138600,1997,,,,,,,,HHI2_REL5, RELATIONSHIP OF PERSON 5 TO HH MEMBER 13 (SCR ROS ITEM)    HHI2_REL5.13
#R1138700,1997,,,,,,,,HHI2_REL5, RELATIONSHIP OF PERSON 5 TO HH MEMBER 14 (SCR ROS ITEM)    HHI2_REL5.14
#R1138800,1997,,,,,,,,HHI2_REL5, RELATIONSHIP OF PERSON 5 TO HH MEMBER 15 (SCR ROS ITEM)    HHI2_REL5.15
#R1138900,1997,,,,,,,,HHI2_REL5, RELATIONSHIP OF PERSON 5 TO HH MEMBER 16 (SCR ROS ITEM)    HHI2_REL5.16
#R1139000,1997,,,,,,,,HHI2_REL6, RELATIONSHIP OF PERSON 6 TO HH MEMBER 01 (SCR ROS ITEM)    HHI2_REL6.01
#R1139100,1997,,,,,,,,HHI2_REL6, RELATIONSHIP OF PERSON 6 TO HH MEMBER 02 (SCR ROS ITEM)    HHI2_REL6.02
#R1139200,1997,,,,,,,,HHI2_REL6, RELATIONSHIP OF PERSON 6 TO HH MEMBER 03 (SCR ROS ITEM)    HHI2_REL6.03
#R1139300,1997,,,,,,,,HHI2_REL6, RELATIONSHIP OF PERSON 6 TO HH MEMBER 04 (SCR ROS ITEM)    HHI2_REL6.04
#R1139400,1997,,,,,,,,HHI2_REL6, RELATIONSHIP OF PERSON 6 TO HH MEMBER 05 (SCR ROS ITEM)    HHI2_REL6.05
#R1139500,1997,,,,,,,,HHI2_REL6, RELATIONSHIP OF PERSON 6 TO HH MEMBER 06 (SCR ROS ITEM)    HHI2_REL6.06
#R1139600,1997,,,,,,,,HHI2_REL6, RELATIONSHIP OF PERSON 6 TO HH MEMBER 07 (SCR ROS ITEM)    HHI2_REL6.07
#R1139700,1997,,,,,,,,HHI2_REL6, RELATIONSHIP OF PERSON 6 TO HH MEMBER 08 (SCR ROS ITEM)    HHI2_REL6.08
#R1139800,1997,,,,,,,,HHI2_REL6, RELATIONSHIP OF PERSON 6 TO HH MEMBER 09 (SCR ROS ITEM)    HHI2_REL6.09
#R1139900,1997,,,,,,,,HHI2_REL6, RELATIONSHIP OF PERSON 6 TO HH MEMBER 10 (SCR ROS ITEM)    HHI2_REL6.10
#R1140000,1997,,,,,,,,HHI2_REL6, RELATIONSHIP OF PERSON 6 TO HH MEMBER 11 (SCR ROS ITEM)    HHI2_REL6.11
#R1140100,1997,,,,,,,,HHI2_REL6, RELATIONSHIP OF PERSON 6 TO HH MEMBER 12 (SCR ROS ITEM)    HHI2_REL6.12
#R1140200,1997,,,,,,,,HHI2_REL6, RELATIONSHIP OF PERSON 6 TO HH MEMBER 13 (SCR ROS ITEM)    HHI2_REL6.13
#R1140300,1997,,,,,,,,HHI2_REL6, RELATIONSHIP OF PERSON 6 TO HH MEMBER 14 (SCR ROS ITEM)    HHI2_REL6.14
#R1162100,1997,,,,,,,,HHI2_UID, HH MEMBER 01 UNIQUE ID (SCR ROS ITEM)                       HHI2_UID.01
#R1162200,1997,,,,,,,,HHI2_UID, HH MEMBER 02 UNIQUE ID (SCR ROS ITEM)                       HHI2_UID.02
#R1162300,1997,,,,,,,,HHI2_UID, HH MEMBER 03 UNIQUE ID (SCR ROS ITEM)                       HHI2_UID.03
#R1162400,1997,,,,,,,,HHI2_UID, HH MEMBER 04 UNIQUE ID (SCR ROS ITEM)                       HHI2_UID.04
#R1162500,1997,,,,,,,,HHI2_UID, HH MEMBER 05 UNIQUE ID (SCR ROS ITEM)                       HHI2_UID.05
#R1162600,1997,,,,,,,,HHI2_UID, HH MEMBER 06 UNIQUE ID (SCR ROS ITEM)                       HHI2_UID.06
#R1162700,1997,,,,,,,,HHI2_UID, HH MEMBER 07 UNIQUE ID (SCR ROS ITEM)                       HHI2_UID.07
#R1162800,1997,,,,,,,,HHI2_UID, HH MEMBER 08 UNIQUE ID (SCR ROS ITEM)                       HHI2_UID.08
#R1162900,1997,,,,,,,,HHI2_UID, HH MEMBER 09 UNIQUE ID (SCR ROS ITEM)                       HHI2_UID.09
#R1163000,1997,,,,,,,,HHI2_UID, HH MEMBER 10 UNIQUE ID (SCR ROS ITEM)                       HHI2_UID.10
#R1163100,1997,,,,,,,,HHI2_UID, HH MEMBER 11 UNIQUE ID (SCR ROS ITEM)                       HHI2_UID.11
#R1163200,1997,,,,,,,,HHI2_UID, HH MEMBER 12 UNIQUE ID (SCR ROS ITEM)                       HHI2_UID.12
#R1163300,1997,,,,,,,,HHI2_UID, HH MEMBER 13 UNIQUE ID (SCR ROS ITEM)                       HHI2_UID.13
#R1163400,1997,,,,,,,,HHI2_UID, HH MEMBER 14 UNIQUE ID (SCR ROS ITEM)                       HHI2_UID.14
#R1163500,1997,,,,,,,,HHI2_UID, HH MEMBER 15 UNIQUE ID (SCR ROS ITEM)                       HHI2_UID.15
#R1163600,1997,,,,,,,,HHI2_UID, HH MEMBER 16 UNIQUE ID (SCR ROS ITEM)                       HHI2_UID.16
#R1163601,1997,,,,,,,,HHI2_UID, HH MEMBER 17 UNIQUE ID (SCR ROS ITEM)                       HHI2_UID.17
#R1163700,1997,,,,,,,,NONHHI, AGE NON-RES MEMBER 01 AT INTERVIEW DATE (SCR ROS ITEM)        NONHHI_AGE.01
#R1163800,1997,,,,,,,,NONHHI, AGE NON-RES MEMBER 02 AT INTERVIEW DATE (SCR ROS ITEM)        NONHHI_AGE.02
#R1163900,1997,,,,,,,,NONHHI, AGE NON-RES MEMBER 03 AT INTERVIEW DATE (SCR ROS ITEM)        NONHHI_AGE.03
#R1164000,1997,,,,,,,,NONHHI, AGE NON-RES MEMBER 04 AT INTERVIEW DATE (SCR ROS ITEM)        NONHHI_AGE.04
#R1164100,1997,,,,,,,,NONHHI, AGE NON-RES MEMBER 05 AT INTERVIEW DATE (SCR ROS ITEM)        NONHHI_AGE.05
#R1164200,1997,,,,,,,,NONHHI, AGE NON-RES MEMBER 06 AT INTERVIEW DATE (SCR ROS ITEM)        NONHHI_AGE.06
#R1164300,1997,,,,,,,,NONHHI, AGE NON-RES MEMBER 07 AT INTERVIEW DATE (SCR ROS ITEM)        NONHHI_AGE.07
#R1164400,1997,,,,,,,,NONHHI, AGE NON-RES MEMBER 08 AT INTERVIEW DATE (SCR ROS ITEM)        NONHHI_AGE.08
#R1164500,1997,,,,,,,,NONHHI, AGE NON-RES MEMBER 09 AT INTERVIEW DATE (SCR ROS ITEM)        NONHHI_AGE.09
#R1164600,1997,,,,,,,,NONHHI, AGE NON-RES MEMBER 10 AT INTERVIEW DATE (SCR ROS ITEM)        NONHHI_AGE.10
#R1164700,1997,,,,,,,,NONHHI, AGE NON-RES MEMBER 11 AT INTERVIEW DATE (SCR ROS ITEM)        NONHHI_AGE.11
#R1164800,1997,,,,,,,,NONHHI, AGE NON-RES MEMBER 12 AT INTERVIEW DATE (SCR ROS ITEM)        NONHHI_AGE.12
#R1164900,1997,,,,,,,,NONHHI, AGE NON-RES MEMBER 13 AT INTERVIEW DATE (SCR ROS ITEM)        NONHHI_AGE.13
#R1165000,1997,,,,,,,,NONHHI, AGE NON-RES MEMBER 14 AT INTERVIEW DATE (SCR ROS ITEM)        NONHHI_AGE.14
#R1165100,1997,,,,,,,,NONHHI, AGE NON-RES MEMBER 15 AT INTERVIEW DATE (SCR ROS ITEM)        NONHHI_AGE.15
#R1165200,1997,,,,,,,,NONHHI, AGE NON-RES MEMBER 16 AT INTERVIEW DATE (SCR ROS ITEM)        NONHHI_AGE.16
#R1165300,1997,,,,,,,,NONHHI, AGE NON-RES MEMBER 17 AT INTERVIEW DATE (SCR ROS ITEM)        NONHHI_AGE.17
#R1165400,1997,,,,,,,,NONHHI, AGE NON-RES MEMBER 18 AT INTERVIEW DATE (SCR ROS ITEM)        NONHHI_AGE.18
#R1165500,1997,,,,,,,,NONHHI, AGE NON-RES MEMBER 22 AT INTERVIEW DATE (SCR ROS ITEM)        NONHHI_AGE.22
#R1190700,1997,,,,,,,,NONHHI, UNIQUE ID OF NON-RES MEMBER 01 (SCR ROS ITEM)                 NONHHI_UID.01
#R1190800,1997,,,,,,,,NONHHI, UNIQUE ID OF NON-RES MEMBER 02 (SCR ROS ITEM)                 NONHHI_UID.02
#R1190900,1997,,,,,,,,NONHHI, UNIQUE ID OF NON-RES MEMBER 03 (SCR ROS ITEM)                 NONHHI_UID.03
#R1191000,1997,,,,,,,,NONHHI, UNIQUE ID OF NON-RES MEMBER 04 (SCR ROS ITEM)                 NONHHI_UID.04
#R1191100,1997,,,,,,,,NONHHI, UNIQUE ID OF NON-RES MEMBER 05 (SCR ROS ITEM)                 NONHHI_UID.05
#R1191200,1997,,,,,,,,NONHHI, UNIQUE ID OF NON-RES MEMBER 06 (SCR ROS ITEM)                 NONHHI_UID.06
#R1191400,1997,,,,,,,,NONHHI, UNIQUE ID OF NON-RES MEMBER 07 (SCR ROS ITEM)                 NONHHI_UID.07
#R1191600,1997,,,,,,,,NONHHI, UNIQUE ID OF NON-RES MEMBER 08 (SCR ROS ITEM)                 NONHHI_UID.08
#R1191700,1997,,,,,,,,NONHHI, UNIQUE ID OF NON-RES MEMBER 09 (SCR ROS ITEM)                 NONHHI_UID.09
#R1191800,1997,,,,,,,,NONHHI, UNIQUE ID OF NON-RES MEMBER 10 (SCR ROS ITEM)                 NONHHI_UID.10
#R1191900,1997,,,,,,,,NONHHI, UNIQUE ID OF NON-RES MEMBER 11 (SCR ROS ITEM)                 NONHHI_UID.11
#R1192000,1997,,,,,,,,NONHHI, UNIQUE ID OF NON-RES MEMBER 12 (SCR ROS ITEM)                 NONHHI_UID.12
#R1192100,1997,,,,,,,,NONHHI, UNIQUE ID OF NON-RES MEMBER 13 (SCR ROS ITEM)                 NONHHI_UID.13
#R1192200,1997,,,,,,,,NONHHI, UNIQUE ID OF NON-RES MEMBER 14 (SCR ROS ITEM)                 NONHHI_UID.14
#R1192300,1997,,,,,,,,NONHHI, UNIQUE ID OF NON-RES MEMBER 15 (SCR ROS ITEM)                 NONHHI_UID.15
#R1192400,1997,,,,,,,,NONHHI, UNIQUE ID OF NON-RES MEMBER 16 (SCR ROS ITEM)                 NONHHI_UID.16
#R1192500,1997,,,,,,,,NONHHI, UNIQUE ID OF NON-RES MEMBER 17 (SCR ROS ITEM)                 NONHHI_UID.17
#R1192600,1997,,,,,,,,NONHHI, UNIQUE ID OF NON-RES MEMBER 18 (SCR ROS ITEM)                 NONHHI_UID.18
#R1192700,1997,,,,,,,,NONHHI, UNIQUE ID OF NON-RES MEMBER 19 (SCR ROS ITEM)                 NONHHI_UID.19
#R1192800,1997,,,,,,,,NONHHI, UNIQUE ID OF NON-RES MEMBER 20 (SCR ROS ITEM)                 NONHHI_UID.20
#R1192900,1997,,,,,,,,NONHHI, UNIQUE ID OF NON-RES MEMBER 21 (SCR ROS ITEM)                 NONHHI_UID.21
#R1192901,1997,,,,,,,,NONHHI, UNIQUE ID OF NON-RES MEMBER 22 (SCR ROS ITEM)                 NONHHI_UID.22
#R1192902,1997,,,,,,,,NONHHI, UNIQUE ID OF NON-RES MEMBER 23 (SCR ROS ITEM)                 NONHHI_UID.23
#R1235800,1997,,,,,,,,SAMPLE TYPE.  CROSS-SECTIONAL OR OVERSAMPLE                           CV_SAMPLE_TYPE,
#R1315800,1997,,,,,,,,HHI2_RELY, RELATIONSHIP OF PERSON 01 TO RESPONDENT (SCR ROS ITEM)     HHI2_RELY.01
#R1315900,1997,,,,,,,,HHI2_RELY, RELATIONSHIP OF PERSON 02 TO RESPONDENT (SCR ROS ITEM)     HHI2_RELY.02
#R1316000,1997,,,,,,,,HHI2_RELY, RELATIONSHIP OF PERSON 03 TO RESPONDENT (SCR ROS ITEM)     HHI2_RELY.03
#R1316100,1997,,,,,,,,HHI2_RELY, RELATIONSHIP OF PERSON 04 TO RESPONDENT (SCR ROS ITEM)     HHI2_RELY.04
#R1316200,1997,,,,,,,,HHI2_RELY, RELATIONSHIP OF PERSON 05 TO RESPONDENT (SCR ROS ITEM)     HHI2_RELY.05
#R1316300,1997,,,,,,,,HHI2_RELY, RELATIONSHIP OF PERSON 06 TO RESPONDENT (SCR ROS ITEM)     HHI2_RELY.06
#R1316400,1997,,,,,,,,HHI2_RELY, RELATIONSHIP OF PERSON 07 TO RESPONDENT (SCR ROS ITEM)     HHI2_RELY.07
#R1316500,1997,,,,,,,,HHI2_RELY, RELATIONSHIP OF PERSON 08 TO RESPONDENT (SCR ROS ITEM)     HHI2_RELY.08
#R1316600,1997,,,,,,,,HHI2_RELY, RELATIONSHIP OF PERSON 09 TO RESPONDENT (SCR ROS ITEM)     HHI2_RELY.09
#R1316700,1997,,,,,,,,HHI2_RELY, RELATIONSHIP OF PERSON 10 TO RESPONDENT (SCR ROS ITEM)     HHI2_RELY.10
#R1316800,1997,,,,,,,,HHI2_RELY, RELATIONSHIP OF PERSON 11 TO RESPONDENT (SCR ROS ITEM)     HHI2_RELY.11
#R1316900,1997,,,,,,,,HHI2_RELY, RELATIONSHIP OF PERSON 12 TO RESPONDENT (SCR ROS ITEM)     HHI2_RELY.12
#R1317000,1997,,,,,,,,HHI2_RELY, RELATIONSHIP OF PERSON 13 TO RESPONDENT (SCR ROS ITEM)     HHI2_RELY.13
#R1317100,1997,,,,,,,,HHI2_RELY, RELATIONSHIP OF PERSON 14 TO RESPONDENT (SCR ROS ITEM)     HHI2_RELY.14
#R1317200,1997,,,,,,,,HHI2_RELY, RELATIONSHIP OF PERSON 15 TO RESPONDENT (SCR ROS ITEM)     HHI2_RELY.15
#R1317300,1997,,,,,,,,HHI2_RELY, RELATIONSHIP OF PERSON 16 TO RESPONDENT (SCR ROS ITEM)     HHI2_RELY.16
#R1317400,1997,,,,,,,,HHI2_RELY, RELATIONSHIP OF PERSON 17 TO RESPONDENT (SCR ROS ITEM)     HHI2_RELY.17
#R1482600,1997,,,,,,,,KEY!RACE_ETHNICITY, COMBINED RACE AND ETHNICITY (SYMBOL)              KEY!RACE_ETHNICITY
#R2409300,1998,,,,,,,,HHI, HH MEMBER 01 UNIQUE ID (ROS ITEM)                                HHI_UID.01
#R2409400,1998,,,,,,,,HHI, HH MEMBER 02 UNIQUE ID (ROS ITEM)                                HHI_UID.02
#R2409500,1998,,,,,,,,HHI, HH MEMBER 03 UNIQUE ID (ROS ITEM)                                HHI_UID.03
#R2409600,1998,,,,,,,,HHI, HH MEMBER 04 UNIQUE ID (ROS ITEM)                                HHI_UID.04
#R2409700,1998,,,,,,,,HHI, HH MEMBER 05 UNIQUE ID (ROS ITEM)                                HHI_UID.05
#R2409800,1998,,,,,,,,HHI, HH MEMBER 06 UNIQUE ID (ROS ITEM)                                HHI_UID.06
#R2409900,1998,,,,,,,,HHI, HH MEMBER 07 UNIQUE ID (ROS ITEM)                                HHI_UID.07
#R2410000,1998,,,,,,,,HHI, HH MEMBER 08 UNIQUE ID (ROS ITEM)                                HHI_UID.08
#R2410100,1998,,,,,,,,HHI, HH MEMBER 09 UNIQUE ID (ROS ITEM)                                HHI_UID.09
#R2410200,1998,,,,,,,,HHI, HH MEMBER 10 UNIQUE ID (ROS ITEM)                                HHI_UID.10
#R2410300,1998,,,,,,,,HHI, HH MEMBER 11 UNIQUE ID (ROS ITEM)                                HHI_UID.11
#R2410400,1998,,,,,,,,HHI, HH MEMBER 12 UNIQUE ID (ROS ITEM)                                HHI_UID.12
#R2410500,1998,,,,,,,,HHI, HH MEMBER 13 UNIQUE ID (ROS ITEM)                                HHI_UID.13
#R2410600,1998,,,,,,,,HHI, HH MEMBER 14 UNIQUE ID (ROS ITEM)                                HHI_UID.14
#R2416300,1998,,,,,,,,HHI, HH MEMBER 01 RELATIONSHIP TO R (NUMERIC) (ROS ITEM)              HHI_RELY.01
#R2416400,1998,,,,,,,,HHI, HH MEMBER 02 RELATIONSHIP TO R (NUMERIC) (ROS ITEM)              HHI_RELY.02
#R2416500,1998,,,,,,,,HHI, HH MEMBER 03 RELATIONSHIP TO R (NUMERIC) (ROS ITEM)              HHI_RELY.03
#R2416600,1998,,,,,,,,HHI, HH MEMBER 04 RELATIONSHIP TO R (NUMERIC) (ROS ITEM)              HHI_RELY.04
#R2416700,1998,,,,,,,,HHI, HH MEMBER 05 RELATIONSHIP TO R (NUMERIC) (ROS ITEM)              HHI_RELY.05
#R2416800,1998,,,,,,,,HHI, HH MEMBER 06 RELATIONSHIP TO R (NUMERIC) (ROS ITEM)              HHI_RELY.06
#R2416900,1998,,,,,,,,HHI, HH MEMBER 07 RELATIONSHIP TO R (NUMERIC) (ROS ITEM)              HHI_RELY.07
#R2417000,1998,,,,,,,,HHI, HH MEMBER 08 RELATIONSHIP TO R (NUMERIC) (ROS ITEM)              HHI_RELY.08
#R2417100,1998,,,,,,,,HHI, HH MEMBER 09 RELATIONSHIP TO R (NUMERIC) (ROS ITEM)              HHI_RELY.09
#R2417200,1998,,,,,,,,HHI, HH MEMBER 10 RELATIONSHIP TO R (NUMERIC) (ROS ITEM)              HHI_RELY.10
#R2417300,1998,,,,,,,,HHI, HH MEMBER 11 RELATIONSHIP TO R (NUMERIC) (ROS ITEM)              HHI_RELY.11
#R2417400,1998,,,,,,,,HHI, HH MEMBER 12 RELATIONSHIP TO R (NUMERIC) (ROS ITEM)              HHI_RELY.12
#R2417500,1998,,,,,,,,HHI, HH MEMBER 13 RELATIONSHIP TO R (NUMERIC) (ROS ITEM)              HHI_RELY.13
#R2417600,1998,,,,,,,,HHI, HH MEMBER 14 RELATIONSHIP TO R (NUMERIC) (ROS ITEM)              HHI_RELY.14
#U1258700,2015,,,,,,,,HHI, HH MEMBER 01 STATUS (ROS ITEM)                                   HHI_HHFLAG.01
#U1258800,2015,,,,,,,,HHI, HH MEMBER 02 STATUS (ROS ITEM)                                   HHI_HHFLAG.02
#U1258900,2015,,,,,,,,HHI, HH MEMBER 03 STATUS (ROS ITEM)                                   HHI_HHFLAG.03
#U1259000,2015,,,,,,,,HHI, HH MEMBER 04 STATUS (ROS ITEM)                                   HHI_HHFLAG.04
#U1259100,2015,,,,,,,,HHI, HH MEMBER 05 STATUS (ROS ITEM)                                   HHI_HHFLAG.05
#U1259200,2015,,,,,,,,HHI, HH MEMBER 06 STATUS (ROS ITEM)                                   HHI_HHFLAG.06
#U1259300,2015,,,,,,,,HHI, HH MEMBER 07 STATUS (ROS ITEM)                                   HHI_HHFLAG.07
#U1259400,2015,,,,,,,,HHI, HH MEMBER 08 STATUS (ROS ITEM)                                   HHI_HHFLAG.08
#U1259500,2015,,,,,,,,HHI, HH MEMBER 09 STATUS (ROS ITEM)                                   HHI_HHFLAG.09
#U1259600,2015,,,,,,,,HHI, HH MEMBER 10 STATUS (ROS ITEM)                                   HHI_HHFLAG.10
#U1259700,2015,,,,,,,,HHI, HH MEMBER 11 STATUS (ROS ITEM)                                   HHI_HHFLAG.11
#U1259800,2015,,,,,,,,HHI, HH MEMBER 12 STATUS (ROS ITEM)                                   HHI_HHFLAG.12
#U1259900,2015,,,,,,,,HHI, HH MEMBER 13 STATUS (ROS ITEM)                                   HHI_HHFLAG.13
#U1260000,2015,,,,,,,,HHI, HH MEMBER 14 STATUS (ROS ITEM)                                   HHI_HHFLAG.14
#U1260100,2015,,,,,,,,HHI, HH MEMBER 15 STATUS (ROS ITEM)                                   HHI_HHFLAG.15
#U1260200,2015,,,,,,,,HHI, HH MEMBER 16 STATUS (ROS ITEM)                                   HHI_HHFLAG.16
#U1260300,2015,,,,,,,,HHI, HH MEMBER 17 STATUS (ROS ITEM)                                   HHI_HHFLAG.17
#U1261700,2015,,,,,,,,HHI, HH MEMBER 01 RELATIONSHIP TO R (NUMERIC) (ROS ITEM)              HHI_RELY.01
#U1261800,2015,,,,,,,,HHI, HH MEMBER 02 RELATIONSHIP TO R (NUMERIC) (ROS ITEM)              HHI_RELY.02
#U1261900,2015,,,,,,,,HHI, HH MEMBER 03 RELATIONSHIP TO R (NUMERIC) (ROS ITEM)              HHI_RELY.03
#U1262000,2015,,,,,,,,HHI, HH MEMBER 04 RELATIONSHIP TO R (NUMERIC) (ROS ITEM)              HHI_RELY.04
#U1262100,2015,,,,,,,,HHI, HH MEMBER 05 RELATIONSHIP TO R (NUMERIC) (ROS ITEM)              HHI_RELY.05
#U1262200,2015,,,,,,,,HHI, HH MEMBER 06 RELATIONSHIP TO R (NUMERIC) (ROS ITEM)              HHI_RELY.06
#U1262300,2015,,,,,,,,HHI, HH MEMBER 07 RELATIONSHIP TO R (NUMERIC) (ROS ITEM)              HHI_RELY.07
#U1262400,2015,,,,,,,,HHI, HH MEMBER 08 RELATIONSHIP TO R (NUMERIC) (ROS ITEM)              HHI_RELY.08
#U1262500,2015,,,,,,,,HHI, HH MEMBER 09 RELATIONSHIP TO R (NUMERIC) (ROS ITEM)              HHI_RELY.09
#U1262600,2015,,,,,,,,HHI, HH MEMBER 10 RELATIONSHIP TO R (NUMERIC) (ROS ITEM)              HHI_RELY.10
#U1262700,2015,,,,,,,,HHI, HH MEMBER 11 RELATIONSHIP TO R (NUMERIC) (ROS ITEM)              HHI_RELY.11
#U1262800,2015,,,,,,,,HHI, HH MEMBER 12 RELATIONSHIP TO R (NUMERIC) (ROS ITEM)              HHI_RELY.12
#U1262900,2015,,,,,,,,HHI, HH MEMBER 13 RELATIONSHIP TO R (NUMERIC) (ROS ITEM)              HHI_RELY.13
#U1263000,2015,,,,,,,,HHI, HH MEMBER 14 RELATIONSHIP TO R (NUMERIC) (ROS ITEM)              HHI_RELY.14
#U1263100,2015,,,,,,,,HHI, HH MEMBER 15 RELATIONSHIP TO R (NUMERIC) (ROS ITEM)              HHI_RELY.15
#U1263200,2015,,,,,,,,HHI, HH MEMBER 16 RELATIONSHIP TO R (NUMERIC) (ROS ITEM)              HHI_RELY.16
#U1263300,2015,,,,,,,,HHI, HH MEMBER 17 RELATIONSHIP TO R (NUMERIC) (ROS ITEM)              HHI_RELY.17
#U1266000,2015,,,,,,,,HHI, HH MEMBER 01 UNIQUE ID (ROS ITEM)                                HHI_UID.01
#U1266100,2015,,,,,,,,HHI, HH MEMBER 02 UNIQUE ID (ROS ITEM)                                HHI_UID.02
#U1266200,2015,,,,,,,,HHI, HH MEMBER 03 UNIQUE ID (ROS ITEM)                                HHI_UID.03
#U1266300,2015,,,,,,,,HHI, HH MEMBER 04 UNIQUE ID (ROS ITEM)                                HHI_UID.04
#U1266400,2015,,,,,,,,HHI, HH MEMBER 05 UNIQUE ID (ROS ITEM)                                HHI_UID.05
#U1266500,2015,,,,,,,,HHI, HH MEMBER 06 UNIQUE ID (ROS ITEM)                                HHI_UID.06
#U1266600,2015,,,,,,,,HHI, HH MEMBER 07 UNIQUE ID (ROS ITEM)                                HHI_UID.07
#U1266700,2015,,,,,,,,HHI, HH MEMBER 08 UNIQUE ID (ROS ITEM)                                HHI_UID.08
#U1266800,2015,,,,,,,,HHI, HH MEMBER 09 UNIQUE ID (ROS ITEM)                                HHI_UID.09
#U1266900,2015,,,,,,,,HHI, HH MEMBER 10 UNIQUE ID (ROS ITEM)                                HHI_UID.10
#U1267000,2015,,,,,,,,HHI, HH MEMBER 11 UNIQUE ID (ROS ITEM)                                HHI_UID.11
#U1267100,2015,,,,,,,,HHI, HH MEMBER 12 UNIQUE ID (ROS ITEM)                                HHI_UID.12
#U1267200,2015,,,,,,,,HHI, HH MEMBER 13 UNIQUE ID (ROS ITEM)                                HHI_UID.13
#U1267300,2015,,,,,,,,HHI, HH MEMBER 14 UNIQUE ID (ROS ITEM)                                HHI_UID.14
#U1267400,2015,,,,,,,,HHI, HH MEMBER 15 UNIQUE ID (ROS ITEM)                                HHI_UID.15
#U1267500,2015,,,,,,,,HHI, HH MEMBER 16 UNIQUE ID (ROS ITEM)                                HHI_UID.16
#U1267600,2015,,,,,,,,HHI, HH MEMBER 17 UNIQUE ID (ROS ITEM)                                HHI_UID.17
